subscription_id,customer_id,product_id,start_date,end_date,status
S00001,C00001,P007,2024-05-25,2025-03-21,Cancelled
S00002,C00002,P007,2024-01-26,2025-08-13,Cancelled
S00003,C00003,P007,2025-07-15,,Active
S00004,C00004,P001,2023-11-22,2024-07-26,Cancelled
S00005,C00005,P007,2024-07-02,,Active
S00006,C00008,P003,2024-06-19,,Active
S00007,C00009,P003,2024-12-10,,Active
S00008,C00010,P008,2025-09-11,,Active
S00009,C00011,P008,2024-07-04,2024-10-08,Cancelled
S00010,C00012,P002,2023-10-28,,Active
S00011,C00015,P001,2024-08-30,,Active
S00012,C00020,P002,2023-12-25,,Active
S00013,C00022,P001,2024-12-20,,Active
S00014,C00023,P007,2024-04-13,,Active
S00015,C00025,P001,2024-09-29,,Active
S00016,C00026,P002,2024-02-21,,Active
S00017,C00027,P008,2025-03-12,,Active
S00018,C00029,P007,2025-07-03,,Active
S00019,C00030,P002,2024-02-15,,Active
S00020,C00031,P002,2025-01-10,,Active
S00021,C00033,P001,2025-02-15,,Active
S00022,C00035,P002,2025-09-02,,Active
S00023,C00036,P007,2024-05-18,2025-05-04,Cancelled
S00024,C00039,P002,2025-03-13,,Active
S00025,C00043,P002,2023-11-25,,Active
S00026,C00045,P001,2024-11-05,,Active
S00027,C00046,P002,2025-08-18,,Active
S00028,C00047,P001,2024-04-26,,Active
S00029,C00048,P007,2024-01-14,,Active
S00030,C00049,P007,2025-03-18,2025-10-12,Cancelled
S00031,C00050,P001,2024-09-17,,Active
S00032,C00051,P007,2025-07-17,,Active
S00033,C00052,P008,2024-11-05,,Active
S00034,C00053,P007,2025-09-13,,Active
S00035,C00054,P003,2024-11-19,2025-07-04,Cancelled
S00036,C00055,P008,2023-12-31,2024-11-24,Cancelled
S00037,C00056,P003,2025-07-10,,Active
S00038,C00057,P002,2025-08-22,,Active
S00039,C00058,P007,2023-10-25,2024-08-06,Cancelled
S00040,C00061,P003,2024-10-28,,Active
S00041,C00062,P008,2025-08-08,,Active
S00042,C00064,P002,2024-11-07,,Active
S00043,C00065,P002,2023-11-26,2024-08-16,Cancelled
S00044,C00067,P008,2025-05-25,,Active
S00045,C00068,P003,2025-08-21,,Active
S00046,C00069,P007,2025-05-31,,Active
S00047,C00070,P003,2024-06-07,,Active
S00048,C00071,P007,2025-01-25,,Active
S00049,C00072,P003,2024-02-02,2025-05-07,Cancelled
S00050,C00073,P002,2025-02-07,,Active
S00051,C00074,P007,2025-05-29,,Active
S00052,C00075,P002,2025-01-05,2025-01-20,Cancelled
S00053,C00076,P001,2025-07-04,,Active
S00054,C00077,P003,2024-02-05,,Active
S00055,C00078,P007,2024-11-14,,Active
S00056,C00079,P007,2025-06-27,,Active
S00057,C00080,P001,2025-06-08,,Active
S00058,C00081,P002,2024-04-12,,Active
S00059,C00082,P002,2025-06-17,,Active
S00060,C00083,P003,2025-08-01,,Active
S00061,C00085,P007,2024-08-26,,Active
S00062,C00086,P008,2025-03-18,,Active
S00063,C00088,P008,2024-07-14,2024-11-23,Cancelled
S00064,C00090,P002,2025-01-13,,Active
S00065,C00091,P008,2025-02-18,,Active
S00066,C00093,P002,2024-10-14,2025-07-19,Cancelled
S00067,C00094,P007,2025-04-15,,Active
S00068,C00095,P007,2024-03-31,2025-01-11,Cancelled
S00069,C00097,P003,2024-02-27,,Active
S00070,C00098,P007,2024-12-21,2025-07-01,Cancelled
S00071,C00100,P001,2025-04-12,,Active
S00072,C00101,P001,2023-12-02,,Active
S00073,C00102,P008,2023-11-06,,Active
S00074,C00103,P008,2023-10-16,2025-08-22,Cancelled
S00075,C00104,P001,2025-08-28,,Active
S00076,C00105,P003,2023-11-12,2024-07-19,Cancelled
S00077,C00106,P003,2023-11-11,2024-07-13,Cancelled
S00078,C00109,P001,2024-05-30,,Active
S00079,C00110,P008,2024-12-15,,Active
S00080,C00111,P002,2024-06-11,2024-11-01,Cancelled
S00081,C00112,P007,2024-07-24,,Active
S00082,C00116,P008,2025-08-12,,Active
S00083,C00117,P007,2023-11-08,,Active
S00084,C00118,P001,2025-08-15,,Active
S00085,C00119,P007,2024-08-24,2025-03-23,Cancelled
S00086,C00120,P008,2025-08-18,,Active
S00087,C00121,P008,2024-07-19,,Active
S00088,C00122,P007,2025-06-20,2025-07-28,Cancelled
S00089,C00124,P001,2024-02-05,2025-01-29,Cancelled
S00090,C00127,P008,2024-03-05,2025-06-11,Cancelled
S00091,C00128,P007,2023-12-29,,Active
S00092,C00129,P008,2024-12-04,,Active
S00093,C00130,P001,2025-08-01,2025-08-19,Cancelled
S00094,C00131,P008,2024-10-27,2025-03-17,Cancelled
S00095,C00133,P008,2025-04-28,2025-07-16,Cancelled
S00096,C00134,P001,2024-03-23,2024-06-12,Cancelled
S00097,C00137,P007,2024-09-20,,Active
S00098,C00138,P003,2025-03-19,2025-10-05,Cancelled
S00099,C00139,P003,2025-04-29,,Active
S00100,C00140,P002,2023-10-14,2025-10-01,Cancelled
S00101,C00141,P003,2024-11-08,,Active
S00102,C00142,P001,2024-04-30,,Active
S00103,C00143,P001,2025-09-10,,Active
S00104,C00144,P002,2024-04-24,2025-01-21,Cancelled
S00105,C00145,P001,2023-11-10,,Active
S00106,C00146,P002,2024-02-27,,Active
S00107,C00147,P003,2024-07-27,,Active
S00108,C00148,P007,2023-11-29,2024-10-14,Cancelled
S00109,C00149,P003,2025-03-11,,Active
S00110,C00150,P003,2024-10-03,,Active
S00111,C00152,P007,2023-10-26,2023-12-08,Cancelled
S00112,C00154,P003,2024-04-09,,Active
S00113,C00156,P002,2024-09-16,,Active
S00114,C00157,P007,2023-12-11,2024-02-07,Cancelled
S00115,C00158,P002,2024-01-08,,Active
S00116,C00159,P002,2025-09-04,,Active
S00117,C00161,P003,2025-06-14,,Active
S00118,C00163,P007,2024-10-05,,Active
S00119,C00164,P002,2025-06-29,,Active
S00120,C00165,P001,2025-03-07,,Active
S00121,C00167,P007,2023-10-26,,Active
S00122,C00168,P002,2024-05-07,,Active
S00123,C00172,P007,2025-01-28,2025-08-29,Cancelled
S00124,C00173,P001,2024-02-29,2024-08-07,Cancelled
S00125,C00174,P007,2023-10-21,2025-07-10,Cancelled
S00126,C00177,P007,2024-11-03,2025-08-08,Cancelled
S00127,C00178,P007,2025-08-19,,Active
S00128,C00180,P007,2025-05-23,,Active
S00129,C00181,P007,2024-03-03,,Active
S00130,C00182,P002,2025-07-19,,Active
S00131,C00183,P007,2024-05-30,,Active
S00132,C00184,P007,2024-05-16,,Active
S00133,C00185,P003,2025-01-14,,Active
S00134,C00186,P002,2024-04-26,,Active
S00135,C00187,P002,2024-11-20,,Active
S00136,C00188,P007,2025-09-21,,Active
S00137,C00190,P002,2025-07-31,,Active
S00138,C00191,P008,2025-07-05,,Active
S00139,C00193,P003,2023-11-25,,Active
S00140,C00194,P003,2024-11-27,2025-06-12,Cancelled
S00141,C00195,P007,2024-09-17,,Active
S00142,C00197,P002,2023-12-29,,Active
S00143,C00198,P008,2024-08-10,2024-10-20,Cancelled
S00144,C00199,P002,2024-11-22,2025-09-06,Cancelled
S00145,C00200,P008,2024-07-31,,Active
S00146,C00201,P002,2024-10-02,,Active
S00147,C00202,P008,2024-01-22,,Active
S00148,C00204,P001,2024-10-06,,Active
S00149,C00205,P003,2025-03-01,,Active
S00150,C00206,P008,2025-03-26,2025-07-20,Cancelled
S00151,C00207,P002,2024-12-22,,Active
S00152,C00209,P001,2024-05-19,,Active
S00153,C00210,P001,2025-07-20,,Active
S00154,C00211,P007,2024-06-26,2024-07-30,Cancelled
S00155,C00212,P008,2025-09-20,,Active
S00156,C00214,P001,2024-09-05,,Active
S00157,C00215,P007,2025-08-08,,Active
S00158,C00216,P003,2025-06-04,,Active
S00159,C00217,P003,2024-07-24,2024-08-10,Cancelled
S00160,C00218,P002,2025-03-20,,Active
S00161,C00222,P003,2025-04-03,,Active
S00162,C00223,P002,2025-02-27,,Active
S00163,C00225,P002,2023-11-10,2024-06-12,Cancelled
S00164,C00227,P008,2024-04-01,2024-07-15,Cancelled
S00165,C00228,P008,2024-03-17,2025-08-21,Cancelled
S00166,C00229,P003,2024-06-19,,Active
S00167,C00230,P008,2024-08-13,,Active
S00168,C00231,P002,2024-06-29,,Active
S00169,C00232,P003,2023-10-13,2024-02-19,Cancelled
S00170,C00234,P002,2024-05-07,2024-09-15,Cancelled
S00171,C00236,P002,2024-01-03,2025-05-30,Cancelled
S00172,C00238,P003,2025-04-19,,Active
S00173,C00239,P008,2025-05-14,,Active
S00174,C00240,P007,2024-04-22,,Active
S00175,C00243,P002,2025-09-05,,Active
S00176,C00244,P003,2025-06-22,,Active
S00177,C00245,P008,2024-08-13,,Active
S00178,C00246,P002,2024-02-06,2024-09-25,Cancelled
S00179,C00247,P008,2023-12-08,,Active
S00180,C00250,P007,2024-03-29,,Active
S00181,C00253,P002,2024-08-22,,Active
S00182,C00254,P007,2024-11-23,,Active
S00183,C00255,P003,2024-02-11,,Active
S00184,C00257,P007,2024-02-17,,Active
S00185,C00258,P007,2023-12-13,,Active
S00186,C00261,P001,2024-08-30,2024-10-17,Cancelled
S00187,C00262,P008,2025-04-19,2025-08-10,Cancelled
S00188,C00263,P001,2024-07-11,,Active
S00189,C00264,P003,2025-09-01,,Active
S00190,C00265,P008,2023-12-20,,Active
S00191,C00267,P001,2025-08-14,,Active
S00192,C00268,P001,2025-01-31,,Active
S00193,C00269,P001,2025-03-28,,Active
S00194,C00270,P007,2025-05-02,,Active
S00195,C00271,P008,2024-10-19,,Active
S00196,C00273,P008,2025-03-11,,Active
S00197,C00275,P008,2025-09-11,,Active
S00198,C00276,P002,2025-04-13,2025-09-15,Cancelled
S00199,C00278,P003,2025-06-02,,Active
S00200,C00279,P003,2025-07-01,,Active
S00201,C00280,P008,2025-01-31,,Active
S00202,C00281,P002,2025-05-10,2025-07-02,Cancelled
S00203,C00282,P007,2025-07-26,,Active
S00204,C00284,P003,2024-12-24,,Active
S00205,C00286,P008,2024-02-26,,Active
S00206,C00287,P008,2024-06-02,2024-06-25,Cancelled
S00207,C00288,P003,2025-04-24,,Active
S00208,C00290,P007,2024-03-07,,Active
S00209,C00291,P001,2025-09-14,,Active
S00210,C00293,P003,2023-12-15,2024-09-24,Cancelled
S00211,C00294,P002,2025-07-16,,Active
S00212,C00297,P003,2023-11-11,,Active
S00213,C00298,P007,2025-06-24,2025-07-20,Cancelled
S00214,C00300,P002,2025-05-31,2025-09-06,Cancelled
S00215,C00301,P008,2024-11-17,,Active
S00216,C00302,P001,2023-10-27,2024-02-24,Cancelled
S00217,C00305,P007,2023-10-24,,Active
S00218,C00306,P007,2025-02-05,,Active
S00219,C00307,P001,2024-04-10,2024-05-11,Cancelled
S00220,C00308,P003,2023-11-17,2024-01-19,Cancelled
S00221,C00309,P002,2025-04-18,2025-09-01,Cancelled
S00222,C00310,P002,2024-04-16,,Active
S00223,C00311,P003,2024-08-16,,Active
S00224,C00312,P003,2025-02-03,2025-06-08,Cancelled
S00225,C00313,P003,2025-01-12,,Active
S00226,C00315,P002,2024-02-05,,Active
S00227,C00316,P001,2024-09-05,,Active
S00228,C00317,P001,2024-08-23,,Active
S00229,C00319,P008,2025-08-12,,Active
S00230,C00320,P003,2025-05-14,2025-07-12,Cancelled
S00231,C00322,P007,2024-08-09,,Active
S00232,C00323,P001,2024-08-10,,Active
S00233,C00324,P007,2023-11-30,2024-10-08,Cancelled
S00234,C00327,P007,2024-03-11,,Active
S00235,C00328,P007,2024-02-08,,Active
S00236,C00329,P003,2024-02-21,2024-06-14,Cancelled
S00237,C00330,P002,2024-04-14,,Active
S00238,C00332,P007,2025-09-07,,Active
S00239,C00333,P007,2023-10-18,2024-08-02,Cancelled
S00240,C00334,P002,2025-02-19,,Active
S00241,C00335,P001,2025-06-02,,Active
S00242,C00337,P001,2025-03-08,2025-04-05,Cancelled
S00243,C00338,P001,2025-08-26,,Active
S00244,C00339,P002,2024-03-02,,Active
S00245,C00340,P008,2025-07-01,,Active
S00246,C00342,P003,2025-07-08,,Active
S00247,C00343,P002,2025-08-14,,Active
S00248,C00344,P007,2024-04-08,,Active
S00249,C00345,P008,2024-02-23,,Active
S00250,C00347,P008,2025-02-07,2025-06-15,Cancelled
S00251,C00348,P003,2025-03-03,,Active
S00252,C00349,P001,2025-03-08,,Active
S00253,C00350,P007,2024-07-14,,Active
S00254,C00351,P002,2025-02-26,,Active
S00255,C00352,P003,2025-01-01,,Active
S00256,C00353,P003,2024-06-29,2025-02-26,Cancelled
S00257,C00354,P008,2025-05-06,,Active
S00258,C00355,P002,2025-03-28,,Active
S00259,C00357,P003,2024-02-18,2025-02-27,Cancelled
S00260,C00358,P002,2024-07-30,2025-01-07,Cancelled
S00261,C00359,P003,2023-10-07,2024-05-21,Cancelled
S00262,C00363,P003,2025-02-08,,Active
S00263,C00365,P008,2025-08-06,2025-09-08,Cancelled
S00264,C00366,P003,2024-06-01,,Active
S00265,C00367,P007,2024-12-28,2025-07-22,Cancelled
S00266,C00368,P002,2025-04-18,,Active
S00267,C00369,P008,2025-08-08,,Active
S00268,C00371,P008,2024-09-13,,Active
S00269,C00373,P003,2025-03-10,,Active
S00270,C00375,P001,2023-12-17,,Active
S00271,C00376,P003,2025-07-19,,Active
S00272,C00377,P002,2024-02-11,2025-04-07,Cancelled
S00273,C00378,P001,2025-03-14,2025-06-07,Cancelled
S00274,C00379,P003,2024-08-16,2025-08-24,Cancelled
S00275,C00382,P003,2025-08-10,,Active
S00276,C00383,P002,2023-10-14,2024-03-13,Cancelled
S00277,C00385,P001,2025-01-26,,Active
S00278,C00386,P001,2025-02-14,,Active
S00279,C00387,P001,2024-04-09,,Active
S00280,C00390,P002,2024-12-08,2025-02-16,Cancelled
S00281,C00391,P003,2024-04-04,2025-04-14,Cancelled
S00282,C00392,P007,2025-03-19,,Active
S00283,C00393,P008,2025-07-04,,Active
S00284,C00396,P001,2024-08-07,,Active
S00285,C00397,P007,2024-08-23,,Active
S00286,C00398,P007,2024-11-03,,Active
S00287,C00399,P008,2024-10-25,2025-01-19,Cancelled
S00288,C00401,P001,2024-03-05,,Active
S00289,C00403,P001,2024-04-14,,Active
S00290,C00404,P002,2025-01-31,,Active
S00291,C00406,P007,2024-07-11,,Active
S00292,C00407,P002,2024-05-19,,Active
S00293,C00408,P001,2023-11-04,2023-12-23,Cancelled
S00294,C00410,P001,2024-07-22,,Active
S00295,C00412,P001,2025-08-16,,Active
S00296,C00413,P001,2025-07-25,,Active
S00297,C00414,P007,2025-05-16,2025-07-20,Cancelled
S00298,C00417,P002,2024-05-18,,Active
S00299,C00418,P002,2024-02-12,,Active
S00300,C00419,P008,2025-06-25,,Active
S00301,C00420,P002,2024-04-06,,Active
S00302,C00421,P007,2023-12-15,,Active
S00303,C00422,P007,2024-09-26,2024-10-09,Cancelled
S00304,C00423,P003,2024-10-08,2025-07-10,Cancelled
S00305,C00424,P002,2024-03-05,2025-05-15,Cancelled
S00306,C00426,P001,2024-03-12,,Active
S00307,C00427,P003,2025-01-30,,Active
S00308,C00428,P008,2025-05-31,,Active
S00309,C00429,P007,2025-01-20,,Active
S00310,C00431,P001,2025-03-16,,Active
S00311,C00432,P007,2024-03-04,,Active
S00312,C00433,P001,2024-08-04,2024-09-08,Cancelled
S00313,C00434,P003,2024-02-25,2024-06-01,Cancelled
S00314,C00435,P003,2023-12-09,2025-09-22,Cancelled
S00315,C00436,P008,2024-04-15,2025-02-17,Cancelled
S00316,C00438,P007,2024-03-26,,Active
S00317,C00439,P002,2023-11-15,2025-03-25,Cancelled
S00318,C00440,P003,2025-03-27,2025-09-10,Cancelled
S00319,C00442,P002,2024-03-04,2024-04-27,Cancelled
S00320,C00444,P008,2024-10-12,,Active
S00321,C00445,P002,2024-03-28,,Active
S00322,C00446,P002,2025-06-02,,Active
S00323,C00447,P002,2025-03-31,,Active
S00324,C00448,P003,2024-10-05,,Active
S00325,C00449,P008,2024-03-08,,Active
S00326,C00450,P001,2024-05-23,,Active
S00327,C00451,P007,2025-06-17,,Active
S00328,C00454,P003,2025-08-06,,Active
S00329,C00455,P003,2023-11-18,2024-07-08,Cancelled
S00330,C00456,P001,2024-09-14,,Active
S00331,C00460,P001,2023-10-12,2025-09-22,Cancelled
S00332,C00461,P008,2024-08-10,2025-07-17,Cancelled
S00333,C00462,P001,2025-03-15,2025-06-21,Cancelled
S00334,C00463,P001,2025-04-30,2025-08-04,Cancelled
S00335,C00466,P008,2024-08-22,2025-02-16,Cancelled
S00336,C00467,P003,2024-10-07,,Active
S00337,C00469,P002,2024-04-30,,Active
S00338,C00471,P002,2024-08-12,,Active
S00339,C00472,P002,2024-07-28,,Active
S00340,C00473,P007,2024-07-30,,Active
S00341,C00474,P007,2024-08-09,,Active
S00342,C00475,P002,2025-04-03,,Active
S00343,C00477,P007,2024-12-08,,Active
S00344,C00478,P001,2025-02-26,,Active
S00345,C00479,P001,2024-03-22,,Active
S00346,C00483,P008,2025-05-28,,Active
S00347,C00484,P002,2025-04-14,,Active
S00348,C00485,P003,2024-06-12,,Active
S00349,C00486,P008,2023-11-01,,Active
S00350,C00490,P008,2024-02-27,2025-06-03,Cancelled
S00351,C00491,P001,2024-08-10,2024-09-27,Cancelled
S00352,C00492,P002,2024-12-06,,Active
S00353,C00493,P003,2025-09-19,,Active
S00354,C00495,P001,2025-01-19,,Active
S00355,C00496,P002,2025-04-29,,Active
S00356,C00498,P007,2025-07-03,,Active
S00357,C00500,P003,2024-02-04,,Active
S00358,C00501,P007,2024-09-14,,Active
S00359,C00505,P001,2023-11-09,,Active
S00360,C00506,P003,2023-12-30,,Active
S00361,C00510,P007,2023-10-01,,Active
S00362,C00511,P001,2025-04-05,,Active
S00363,C00512,P001,2024-09-17,,Active
S00364,C00513,P002,2025-03-21,,Active
S00365,C00516,P003,2024-12-31,,Active
S00366,C00518,P001,2023-11-20,2025-03-21,Cancelled
S00367,C00520,P008,2024-12-27,2025-07-05,Cancelled
S00368,C00521,P007,2025-02-24,,Active
S00369,C00523,P003,2024-10-21,2024-12-13,Cancelled
S00370,C00524,P002,2023-11-08,2024-03-06,Cancelled
S00371,C00526,P008,2024-05-18,2024-12-09,Cancelled
S00372,C00527,P008,2024-01-28,,Active
S00373,C00529,P001,2024-06-23,,Active
S00374,C00531,P002,2024-04-03,,Active
S00375,C00533,P001,2024-01-27,2024-02-19,Cancelled
S00376,C00535,P003,2025-07-30,,Active
S00377,C00537,P007,2024-06-08,,Active
S00378,C00538,P007,2024-08-26,2024-11-01,Cancelled
S00379,C00539,P002,2024-12-12,,Active
S00380,C00540,P002,2025-09-04,,Active
S00381,C00541,P001,2025-08-10,,Active
S00382,C00545,P007,2024-11-25,,Active
S00383,C00546,P008,2023-12-30,,Active
S00384,C00547,P008,2025-06-01,,Active
S00385,C00548,P001,2025-02-11,2025-08-25,Cancelled
S00386,C00551,P008,2024-02-26,2024-09-11,Cancelled
S00387,C00552,P008,2024-02-22,2024-09-12,Cancelled
S00388,C00553,P007,2025-04-23,,Active
S00389,C00554,P002,2024-02-16,,Active
S00390,C00555,P008,2024-03-07,2024-10-15,Cancelled
S00391,C00556,P003,2024-09-17,2025-08-30,Cancelled
S00392,C00557,P001,2025-05-06,,Active
S00393,C00558,P001,2025-05-13,2025-09-26,Cancelled
S00394,C00559,P002,2025-01-07,,Active
S00395,C00563,P008,2025-02-11,2025-06-26,Cancelled
S00396,C00564,P002,2025-01-06,,Active
S00397,C00565,P007,2024-08-01,,Active
S00398,C00567,P002,2025-08-24,,Active
S00399,C00568,P007,2024-02-21,2024-09-12,Cancelled
S00400,C00569,P008,2024-11-16,,Active
S00401,C00570,P007,2024-07-03,,Active
S00402,C00572,P001,2024-04-04,,Active
S00403,C00573,P007,2025-07-28,,Active
S00404,C00574,P002,2025-03-24,2025-05-02,Cancelled
S00405,C00575,P007,2024-08-07,,Active
S00406,C00576,P007,2024-11-29,,Active
S00407,C00578,P001,2024-07-30,,Active
S00408,C00579,P002,2024-01-16,,Active
S00409,C00582,P002,2024-07-26,2024-10-14,Cancelled
S00410,C00583,P008,2024-12-04,2025-06-29,Cancelled
S00411,C00584,P008,2025-04-19,,Active
S00412,C00585,P007,2025-01-20,2025-07-30,Cancelled
S00413,C00586,P002,2025-08-06,,Active
S00414,C00588,P007,2024-02-23,,Active
S00415,C00589,P002,2025-04-03,2025-08-19,Cancelled
S00416,C00590,P008,2024-11-18,,Active
S00417,C00591,P007,2025-05-15,,Active
S00418,C00592,P003,2025-07-15,,Active
S00419,C00593,P007,2025-03-24,,Active
S00420,C00594,P003,2025-07-20,,Active
S00421,C00595,P003,2025-02-09,,Active
S00422,C00596,P008,2025-03-07,,Active
S00423,C00597,P007,2024-06-07,,Active
S00424,C00598,P001,2024-07-09,,Active
S00425,C00599,P003,2025-04-16,,Active
S00426,C00601,P001,2025-05-29,,Active
S00427,C00602,P007,2024-06-05,2025-01-01,Cancelled
S00428,C00605,P001,2024-08-14,2025-09-10,Cancelled
S00429,C00606,P003,2025-06-11,,Active
S00430,C00608,P003,2023-10-11,2023-11-18,Cancelled
S00431,C00609,P007,2025-06-25,,Active
S00432,C00611,P002,2025-05-24,,Active
S00433,C00612,P002,2024-01-29,,Active
S00434,C00614,P002,2024-02-18,2025-04-26,Cancelled
S00435,C00615,P007,2024-07-19,2024-12-20,Cancelled
S00436,C00617,P007,2025-05-12,,Active
S00437,C00619,P007,2025-02-18,,Active
S00438,C00620,P008,2024-07-06,2025-06-15,Cancelled
S00439,C00621,P003,2025-04-06,,Active
S00440,C00625,P008,2024-07-10,,Active
S00441,C00626,P003,2024-08-24,2025-08-12,Cancelled
S00442,C00627,P003,2025-06-11,,Active
S00443,C00628,P003,2025-01-10,,Active
S00444,C00629,P002,2024-06-04,,Active
S00445,C00630,P003,2024-12-13,,Active
S00446,C00631,P003,2024-11-15,2025-05-25,Cancelled
S00447,C00634,P007,2024-05-21,2024-10-04,Cancelled
S00448,C00635,P008,2024-10-19,2025-02-24,Cancelled
S00449,C00636,P001,2025-04-20,,Active
S00450,C00637,P007,2023-12-23,2024-10-13,Cancelled
S00451,C00638,P002,2025-07-07,,Active
S00452,C00640,P008,2024-06-15,,Active
S00453,C00643,P008,2023-11-04,2024-04-17,Cancelled
S00454,C00644,P007,2025-03-23,,Active
S00455,C00647,P001,2025-03-13,,Active
S00456,C00648,P001,2024-08-20,,Active
S00457,C00650,P002,2024-10-05,2025-09-25,Cancelled
S00458,C00651,P002,2023-11-28,2024-01-15,Cancelled
S00459,C00652,P002,2025-04-18,2025-04-23,Cancelled
S00460,C00653,P008,2025-08-31,,Active
S00461,C00654,P001,2024-11-06,2024-11-14,Cancelled
S00462,C00655,P001,2024-08-14,,Active
S00463,C00657,P008,2025-08-10,,Active
S00464,C00658,P002,2024-12-26,2025-05-20,Cancelled
S00465,C00659,P007,2024-04-29,2024-10-25,Cancelled
S00466,C00661,P008,2024-11-02,,Active
S00467,C00662,P002,2024-11-10,,Active
S00468,C00664,P008,2024-04-02,,Active
S00469,C00665,P001,2025-05-27,,Active
S00470,C00666,P003,2024-02-12,,Active
S00471,C00667,P002,2023-11-15,2025-08-10,Cancelled
S00472,C00668,P003,2024-03-23,,Active
S00473,C00669,P007,2024-04-24,,Active
S00474,C00670,P007,2024-07-29,,Active
S00475,C00672,P003,2024-02-13,,Active
S00476,C00673,P003,2024-01-21,2024-04-29,Cancelled
S00477,C00675,P007,2023-12-20,,Active
S00478,C00677,P007,2025-07-15,2025-10-11,Cancelled
S00479,C00678,P007,2024-02-20,,Active
S00480,C00680,P002,2024-04-09,,Active
S00481,C00681,P008,2025-03-30,,Active
S00482,C00682,P007,2025-01-21,,Active
S00483,C00683,P003,2024-10-30,2024-11-05,Cancelled
S00484,C00686,P002,2023-10-09,2024-05-26,Cancelled
S00485,C00687,P003,2024-01-26,,Active
S00486,C00688,P001,2025-05-04,,Active
S00487,C00691,P008,2025-09-14,,Active
S00488,C00692,P003,2023-11-15,2024-01-04,Cancelled
S00489,C00693,P001,2025-06-11,,Active
S00490,C00694,P001,2025-06-17,,Active
S00491,C00695,P002,2023-11-10,,Active
S00492,C00696,P008,2025-01-22,,Active
S00493,C00697,P008,2024-04-02,,Active
S00494,C00698,P008,2025-06-30,,Active
S00495,C00699,P007,2024-04-22,,Active
S00496,C00700,P002,2024-12-31,,Active
S00497,C00701,P002,2025-05-27,2025-08-15,Cancelled
S00498,C00702,P008,2024-03-18,,Active
S00499,C00703,P007,2023-11-28,2024-02-21,Cancelled
S00500,C00704,P001,2024-08-26,,Active
S00501,C00706,P001,2024-06-08,,Active
S00502,C00707,P007,2023-11-07,2024-10-12,Cancelled
S00503,C00708,P003,2025-07-02,,Active
S00504,C00710,P007,2024-07-27,2025-03-05,Cancelled
S00505,C00711,P001,2023-12-06,2025-04-28,Cancelled
S00506,C00715,P008,2025-07-30,,Active
S00507,C00716,P008,2025-01-30,,Active
S00508,C00719,P007,2025-06-02,,Active
S00509,C00720,P002,2025-04-17,,Active
S00510,C00721,P002,2025-09-22,,Active
S00511,C00723,P001,2025-07-05,,Active
S00512,C00724,P007,2024-01-27,2024-04-19,Cancelled
S00513,C00727,P008,2025-05-26,2025-06-14,Cancelled
S00514,C00728,P002,2023-12-25,,Active
S00515,C00729,P001,2025-06-24,,Active
S00516,C00731,P003,2024-09-01,,Active
S00517,C00732,P001,2025-09-12,,Active
S00518,C00733,P007,2025-01-17,,Active
S00519,C00734,P002,2025-08-26,,Active
S00520,C00737,P008,2024-02-21,2024-03-10,Cancelled
S00521,C00743,P002,2025-05-12,,Active
S00522,C00744,P003,2023-10-24,,Active
S00523,C00745,P003,2024-07-27,,Active
S00524,C00748,P007,2025-06-23,2025-08-25,Cancelled
S00525,C00749,P007,2024-04-08,2024-04-20,Cancelled
S00526,C00750,P007,2023-11-04,,Active
S00527,C00752,P007,2024-09-21,2025-03-08,Cancelled
S00528,C00755,P002,2025-01-24,,Active
S00529,C00756,P001,2025-06-24,,Active
S00530,C00757,P001,2024-11-27,2025-02-14,Cancelled
S00531,C00758,P003,2023-12-25,,Active
S00532,C00759,P002,2024-02-27,2024-04-11,Cancelled
S00533,C00761,P002,2024-06-07,,Active
S00534,C00762,P002,2025-03-13,2025-06-29,Cancelled
S00535,C00763,P001,2025-01-30,,Active
S00536,C00764,P008,2024-06-24,2025-03-25,Cancelled
S00537,C00765,P008,2025-05-02,2025-06-15,Cancelled
S00538,C00766,P001,2025-05-29,,Active
S00539,C00767,P008,2024-04-12,,Active
S00540,C00768,P001,2024-09-10,2024-10-17,Cancelled
S00541,C00769,P001,2024-03-12,,Active
S00542,C00773,P003,2024-03-09,,Active
S00543,C00774,P001,2023-10-24,2024-04-18,Cancelled
S00544,C00775,P001,2024-11-13,,Active
S00545,C00777,P003,2025-09-02,,Active
S00546,C00778,P002,2024-06-23,2024-09-03,Cancelled
S00547,C00780,P001,2024-01-08,,Active
S00548,C00781,P001,2024-03-02,2024-03-23,Cancelled
S00549,C00782,P007,2024-01-27,,Active
S00550,C00783,P002,2024-03-07,,Active
S00551,C00784,P008,2024-09-11,2025-07-18,Cancelled
S00552,C00786,P007,2023-11-01,2024-08-12,Cancelled
S00553,C00787,P001,2023-12-07,2025-08-02,Cancelled
S00554,C00789,P003,2025-08-14,,Active
S00555,C00790,P002,2024-02-13,2024-09-23,Cancelled
S00556,C00791,P008,2024-04-17,2024-04-19,Cancelled
S00557,C00792,P008,2024-01-23,,Active
S00558,C00793,P001,2024-03-30,,Active
S00559,C00794,P007,2025-01-26,,Active
S00560,C00795,P001,2024-02-23,2025-02-28,Cancelled
S00561,C00798,P008,2024-11-26,2025-08-07,Cancelled
S00562,C00799,P003,2024-06-17,,Active
S00563,C00800,P002,2025-07-09,,Active
S00564,C00802,P008,2024-10-13,,Active
S00565,C00803,P001,2024-04-12,,Active
S00566,C00804,P008,2024-08-23,,Active
S00567,C00805,P002,2024-12-10,,Active
S00568,C00806,P001,2024-12-07,2024-12-17,Cancelled
S00569,C00807,P007,2025-08-12,,Active
S00570,C00808,P003,2024-04-10,,Active
S00571,C00809,P003,2025-09-14,,Active
S00572,C00810,P007,2023-10-05,,Active
S00573,C00812,P002,2025-04-03,,Active
S00574,C00813,P007,2025-01-12,,Active
S00575,C00814,P003,2024-05-11,,Active
S00576,C00816,P008,2023-10-17,,Active
S00577,C00818,P003,2025-02-21,2025-02-26,Cancelled
S00578,C00819,P008,2025-05-21,,Active
S00579,C00820,P001,2024-06-14,2025-07-01,Cancelled
S00580,C00821,P002,2023-11-15,2023-12-10,Cancelled
S00581,C00823,P003,2023-12-09,,Active
S00582,C00824,P002,2024-05-09,,Active
S00583,C00825,P001,2024-06-11,,Active
S00584,C00827,P002,2025-03-20,,Active
S00585,C00828,P008,2024-06-09,,Active
S00586,C00829,P007,2024-07-11,2024-08-25,Cancelled
S00587,C00830,P003,2024-04-22,,Active
S00588,C00832,P001,2025-07-13,,Active
S00589,C00833,P002,2024-07-31,,Active
S00590,C00834,P003,2024-10-15,,Active
S00591,C00835,P003,2024-12-25,,Active
S00592,C00836,P002,2025-03-01,2025-09-13,Cancelled
S00593,C00837,P008,2024-11-01,,Active
S00594,C00838,P008,2025-03-07,,Active
S00595,C00839,P007,2024-10-21,2025-02-26,Cancelled
S00596,C00841,P008,2024-02-29,,Active
S00597,C00842,P001,2024-08-03,,Active
S00598,C00843,P001,2023-12-11,,Active
S00599,C00846,P008,2024-12-24,,Active
S00600,C00847,P002,2024-12-21,,Active
S00601,C00850,P007,2024-06-01,,Active
S00602,C00851,P001,2025-01-28,,Active
S00603,C00853,P003,2023-11-25,2024-10-13,Cancelled
S00604,C00854,P003,2025-06-20,2025-09-26,Cancelled
S00605,C00855,P003,2024-09-20,,Active
S00606,C00858,P003,2024-09-08,2025-07-27,Cancelled
S00607,C00859,P008,2024-05-16,,Active
S00608,C00861,P007,2024-10-22,2025-08-24,Cancelled
S00609,C00863,P002,2025-07-17,,Active
S00610,C00865,P007,2024-10-26,2025-04-23,Cancelled
S00611,C00866,P008,2025-03-10,,Active
S00612,C00867,P001,2024-10-19,,Active
S00613,C00868,P008,2024-03-21,2024-10-02,Cancelled
S00614,C00869,P003,2024-02-08,,Active
S00615,C00870,P007,2025-09-15,,Active
S00616,C00872,P002,2025-05-08,,Active
S00617,C00873,P002,2025-02-21,2025-07-27,Cancelled
S00618,C00875,P003,2024-10-10,,Active
S00619,C00877,P003,2023-10-18,2024-11-26,Cancelled
S00620,C00878,P008,2024-09-08,,Active
S00621,C00879,P008,2024-12-23,,Active
S00622,C00884,P007,2024-07-23,,Active
S00623,C00885,P008,2023-11-24,,Active
S00624,C00886,P001,2025-09-01,,Active
S00625,C00887,P002,2025-02-23,,Active
S00626,C00889,P001,2023-11-25,,Active
S00627,C00890,P003,2024-08-21,2024-09-27,Cancelled
S00628,C00891,P002,2024-11-29,,Active
S00629,C00892,P007,2024-11-05,2025-01-15,Cancelled
S00630,C00893,P002,2024-12-06,2025-04-18,Cancelled
S00631,C00894,P008,2024-04-23,2025-09-02,Cancelled
S00632,C00896,P001,2023-12-23,,Active
S00633,C00897,P001,2025-02-15,,Active
S00634,C00898,P002,2024-03-13,2025-01-10,Cancelled
S00635,C00899,P001,2025-03-02,,Active
S00636,C00900,P003,2023-12-21,2024-01-08,Cancelled
S00637,C00901,P003,2024-04-03,2025-02-21,Cancelled
S00638,C00902,P008,2024-04-15,2025-02-06,Cancelled
S00639,C00903,P007,2023-11-24,,Active
S00640,C00905,P003,2024-05-15,,Active
S00641,C00906,P007,2025-08-12,,Active
S00642,C00907,P001,2024-11-11,,Active
S00643,C00908,P002,2023-11-14,,Active
S00644,C00912,P007,2024-03-09,,Active
S00645,C00914,P007,2025-05-03,,Active
S00646,C00915,P002,2024-06-30,2024-08-18,Cancelled
S00647,C00917,P001,2025-01-29,,Active
S00648,C00919,P002,2023-11-16,,Active
S00649,C00920,P008,2024-03-06,,Active
S00650,C00921,P003,2024-01-19,,Active
S00651,C00922,P008,2023-10-22,2024-07-02,Cancelled
S00652,C00923,P001,2025-07-27,,Active
S00653,C00925,P002,2025-04-07,,Active
S00654,C00928,P007,2024-08-25,2025-06-30,Cancelled
S00655,C00929,P001,2025-08-01,,Active
S00656,C00931,P003,2025-01-12,,Active
S00657,C00934,P008,2025-04-03,,Active
S00658,C00935,P001,2023-10-25,2024-08-13,Cancelled
S00659,C00936,P003,2024-02-21,2024-05-18,Cancelled
S00660,C00937,P008,2024-12-06,2025-02-19,Cancelled
S00661,C00939,P001,2025-06-05,,Active
S00662,C00940,P001,2024-12-26,,Active
S00663,C00941,P007,2025-05-11,,Active
S00664,C00942,P003,2025-07-11,,Active
S00665,C00943,P001,2024-05-20,,Active
S00666,C00944,P003,2024-07-27,2025-03-01,Cancelled
S00667,C00945,P007,2024-12-12,2025-04-04,Cancelled
S00668,C00946,P002,2025-03-19,,Active
S00669,C00949,P003,2024-09-11,,Active
S00670,C00950,P003,2024-04-05,,Active
S00671,C00951,P003,2025-08-20,,Active
S00672,C00953,P002,2024-05-22,,Active
S00673,C00956,P002,2025-05-02,,Active
S00674,C00957,P008,2023-10-27,2024-04-16,Cancelled
S00675,C00960,P007,2024-11-05,2025-07-30,Cancelled
S00676,C00963,P007,2025-09-11,,Active
S00677,C00965,P008,2025-01-12,,Active
S00678,C00966,P001,2024-12-14,,Active
S00679,C00967,P008,2025-04-10,,Active
S00680,C00969,P001,2024-10-21,,Active
S00681,C00971,P007,2024-10-06,2024-10-14,Cancelled
S00682,C00973,P003,2024-08-25,,Active
S00683,C00974,P003,2025-01-13,,Active
S00684,C00976,P008,2024-04-30,2024-10-22,Cancelled
S00685,C00977,P002,2025-01-05,,Active
S00686,C00978,P008,2024-02-20,2024-05-31,Cancelled
S00687,C00979,P002,2025-06-15,,Active
S00688,C00980,P001,2024-08-11,,Active
S00689,C00981,P001,2023-12-21,,Active
S00690,C00982,P001,2024-10-05,2025-05-07,Cancelled
S00691,C00985,P002,2024-04-15,2024-10-26,Cancelled
S00692,C00986,P007,2023-11-23,2025-08-14,Cancelled
S00693,C00987,P008,2023-10-13,,Active
S00694,C00988,P001,2024-01-12,,Active
S00695,C00989,P002,2024-11-19,,Active
S00696,C00993,P007,2024-07-19,,Active
S00697,C00994,P002,2025-07-19,,Active
S00698,C00995,P002,2024-06-17,,Active
S00699,C00998,P001,2025-02-05,,Active
S00700,C01002,P008,2025-09-19,,Active
S00701,C01003,P008,2024-04-29,,Active
S00702,C01005,P001,2025-01-21,,Active
S00703,C01006,P001,2024-05-15,2025-03-24,Cancelled
S00704,C01007,P002,2024-10-04,,Active
S00705,C01009,P008,2025-06-18,,Active
S00706,C01010,P002,2023-11-01,,Active
S00707,C01011,P007,2025-07-24,,Active
S00708,C01012,P003,2024-12-07,,Active
S00709,C01013,P001,2025-09-22,,Active
S00710,C01014,P002,2025-04-18,2025-09-29,Cancelled
S00711,C01016,P001,2024-11-06,,Active
S00712,C01017,P002,2025-04-09,,Active
S00713,C01019,P001,2025-02-24,,Active
S00714,C01020,P003,2025-05-22,,Active
S00715,C01021,P008,2023-12-16,2025-10-14,Cancelled
S00716,C01022,P002,2025-07-14,2025-07-26,Cancelled
S00717,C01024,P001,2025-09-02,,Active
S00718,C01025,P007,2023-11-07,,Active
S00719,C01027,P002,2024-05-22,2025-02-05,Cancelled
S00720,C01028,P002,2024-08-12,2025-06-22,Cancelled
S00721,C01029,P001,2025-09-03,,Active
S00722,C01030,P002,2024-06-29,2025-04-15,Cancelled
S00723,C01031,P002,2024-02-16,,Active
S00724,C01033,P007,2024-08-27,,Active
S00725,C01034,P008,2024-04-02,,Active
S00726,C01035,P001,2025-03-08,,Active
S00727,C01036,P008,2025-08-02,,Active
S00728,C01037,P007,2025-02-21,,Active
S00729,C01038,P003,2024-08-11,,Active
S00730,C01039,P002,2024-10-19,2025-05-02,Cancelled
S00731,C01040,P001,2025-04-06,,Active
S00732,C01041,P008,2024-03-22,2025-05-25,Cancelled
S00733,C01042,P007,2024-06-01,,Active
S00734,C01043,P003,2024-12-27,2025-08-01,Cancelled
S00735,C01044,P001,2024-05-07,2025-05-04,Cancelled
S00736,C01045,P001,2024-06-08,2024-06-24,Cancelled
S00737,C01046,P002,2024-07-08,2025-01-10,Cancelled
S00738,C01048,P002,2025-01-07,2025-07-30,Cancelled
S00739,C01049,P003,2025-08-30,,Active
S00740,C01050,P003,2025-08-23,,Active
S00741,C01051,P002,2024-12-01,,Active
S00742,C01052,P001,2024-05-03,2025-09-23,Cancelled
S00743,C01054,P008,2024-11-28,,Active
S00744,C01055,P008,2024-07-22,,Active
S00745,C01056,P001,2024-11-30,,Active
S00746,C01057,P008,2025-03-10,,Active
S00747,C01058,P008,2025-06-29,,Active
S00748,C01059,P007,2023-10-19,2024-03-22,Cancelled
S00749,C01060,P002,2025-06-26,,Active
S00750,C01061,P007,2025-07-03,,Active
S00751,C01062,P008,2025-01-10,2025-03-16,Cancelled
S00752,C01064,P008,2024-09-07,,Active
S00753,C01066,P007,2024-02-01,2024-03-10,Cancelled
S00754,C01067,P003,2025-04-09,,Active
S00755,C01069,P001,2025-01-03,2025-03-28,Cancelled
S00756,C01070,P003,2025-07-15,,Active
S00757,C01073,P002,2024-08-04,,Active
S00758,C01074,P002,2025-02-19,,Active
S00759,C01075,P001,2025-01-13,2025-02-23,Cancelled
S00760,C01076,P002,2024-11-15,,Active
S00761,C01077,P008,2024-12-28,,Active
S00762,C01079,P003,2023-11-15,2024-06-26,Cancelled
S00763,C01082,P008,2024-09-07,,Active
S00764,C01083,P008,2025-08-05,,Active
S00765,C01085,P007,2025-08-11,,Active
S00766,C01086,P007,2025-03-22,,Active
S00767,C01087,P003,2024-06-04,,Active
S00768,C01089,P002,2025-06-23,,Active
S00769,C01090,P003,2025-07-17,,Active
S00770,C01092,P001,2025-07-04,,Active
S00771,C01093,P003,2025-03-02,,Active
S00772,C01095,P007,2024-06-12,,Active
S00773,C01098,P001,2025-03-18,,Active
S00774,C01100,P008,2023-12-22,,Active
S00775,C01102,P008,2025-04-16,,Active
S00776,C01104,P001,2023-11-05,2023-12-29,Cancelled
S00777,C01105,P007,2025-08-14,,Active
S00778,C01106,P002,2023-11-12,,Active
S00779,C01107,P001,2024-07-02,,Active
S00780,C01108,P001,2024-08-04,,Active
S00781,C01109,P007,2025-06-16,,Active
S00782,C01110,P001,2023-10-07,,Active
S00783,C01115,P002,2025-04-11,,Active
S00784,C01116,P002,2024-10-21,,Active
S00785,C01118,P003,2024-04-04,2025-05-28,Cancelled
S00786,C01119,P007,2025-03-13,,Active
S00787,C01121,P001,2023-12-16,2025-03-11,Cancelled
S00788,C01123,P002,2025-09-11,,Active
S00789,C01124,P007,2024-10-24,,Active
S00790,C01125,P007,2024-02-27,2024-04-14,Cancelled
S00791,C01126,P001,2025-07-24,,Active
S00792,C01129,P002,2025-07-08,,Active
S00793,C01131,P007,2024-05-26,,Active
S00794,C01133,P007,2024-12-30,,Active
S00795,C01135,P002,2024-01-10,,Active
S00796,C01136,P001,2023-10-21,,Active
S00797,C01138,P007,2025-01-06,,Active
S00798,C01139,P007,2023-12-09,,Active
S00799,C01140,P007,2024-10-27,,Active
S00800,C01142,P008,2025-01-26,,Active
S00801,C01143,P002,2023-11-29,,Active
S00802,C01144,P003,2025-06-17,,Active
S00803,C01145,P008,2024-08-01,,Active
S00804,C01146,P002,2024-07-08,,Active
S00805,C01148,P002,2024-05-02,2025-08-28,Cancelled
S00806,C01150,P007,2025-04-19,2025-05-01,Cancelled
S00807,C01151,P007,2024-10-03,2025-02-08,Cancelled
S00808,C01152,P002,2024-11-09,2024-12-05,Cancelled
S00809,C01154,P003,2025-02-04,,Active
S00810,C01155,P002,2023-10-25,,Active
S00811,C01156,P003,2023-10-08,2023-11-18,Cancelled
S00812,C01157,P007,2024-12-07,,Active
S00813,C01158,P003,2024-09-15,,Active
S00814,C01159,P008,2025-03-10,,Active
S00815,C01160,P007,2025-01-01,,Active
S00816,C01162,P001,2024-11-08,,Active
S00817,C01163,P007,2023-11-13,2024-07-09,Cancelled
S00818,C01164,P002,2025-07-31,,Active
S00819,C01165,P002,2024-03-17,2024-03-24,Cancelled
S00820,C01168,P001,2025-07-20,,Active
S00821,C01169,P001,2025-05-08,,Active
S00822,C01170,P002,2025-01-30,,Active
S00823,C01171,P003,2023-10-26,2023-11-05,Cancelled
S00824,C01173,P008,2023-11-30,2024-05-31,Cancelled
S00825,C01174,P001,2025-06-16,,Active
S00826,C01176,P003,2024-03-03,,Active
S00827,C01181,P003,2024-12-22,2025-03-08,Cancelled
S00828,C01182,P002,2024-10-09,,Active
S00829,C01184,P007,2025-05-06,,Active
S00830,C01186,P001,2025-05-22,,Active
S00831,C01187,P008,2023-12-16,2024-06-06,Cancelled
S00832,C01188,P008,2025-04-08,,Active
S00833,C01189,P001,2024-08-25,,Active
S00834,C01190,P002,2024-06-22,,Active
S00835,C01191,P002,2024-11-27,,Active
S00836,C01192,P001,2024-02-17,2025-05-26,Cancelled
S00837,C01194,P008,2025-08-24,,Active
S00838,C01195,P007,2025-09-13,,Active
S00839,C01196,P007,2025-03-13,,Active
S00840,C01197,P007,2024-07-11,2025-08-18,Cancelled
S00841,C01199,P002,2024-05-03,,Active
S00842,C01200,P002,2024-10-25,,Active
S00843,C01202,P002,2023-11-12,,Active
S00844,C01203,P008,2025-02-06,,Active
S00845,C01204,P001,2023-12-23,2025-09-06,Cancelled
S00846,C01205,P008,2024-07-26,,Active
S00847,C01207,P001,2024-01-24,,Active
S00848,C01208,P003,2025-04-24,,Active
S00849,C01213,P008,2025-06-06,,Active
S00850,C01217,P008,2025-05-24,,Active
S00851,C01218,P001,2024-11-18,,Active
S00852,C01219,P002,2024-05-22,2024-07-18,Cancelled
S00853,C01220,P001,2023-11-01,2025-03-23,Cancelled
S00854,C01222,P002,2024-10-24,,Active
S00855,C01224,P001,2024-11-13,,Active
S00856,C01225,P007,2024-08-08,2025-02-18,Cancelled
S00857,C01226,P001,2025-09-09,,Active
S00858,C01227,P008,2024-02-17,,Active
S00859,C01228,P007,2023-12-05,2025-08-11,Cancelled
S00860,C01230,P001,2024-05-28,,Active
S00861,C01232,P008,2024-09-06,,Active
S00862,C01233,P003,2025-08-31,,Active
S00863,C01235,P008,2023-10-30,2024-02-05,Cancelled
S00864,C01236,P003,2023-10-23,2024-12-27,Cancelled
S00865,C01237,P008,2025-01-28,,Active
S00866,C01238,P007,2024-01-12,,Active
S00867,C01239,P001,2025-01-22,,Active
S00868,C01242,P008,2024-10-20,2025-04-11,Cancelled
S00869,C01244,P001,2025-02-19,,Active
S00870,C01245,P007,2025-08-20,,Active
S00871,C01246,P003,2025-08-31,,Active
S00872,C01247,P007,2024-11-18,2025-02-22,Cancelled
S00873,C01248,P001,2024-05-06,2025-09-22,Cancelled
S00874,C01251,P002,2023-12-11,,Active
S00875,C01252,P002,2023-11-07,,Active
S00876,C01253,P003,2024-09-18,2025-06-10,Cancelled
S00877,C01254,P003,2025-04-18,,Active
S00878,C01256,P001,2025-02-11,2025-03-19,Cancelled
S00879,C01257,P008,2024-01-20,,Active
S00880,C01258,P007,2024-11-02,,Active
S00881,C01259,P003,2023-10-27,2024-01-21,Cancelled
S00882,C01260,P008,2023-11-23,2024-12-30,Cancelled
S00883,C01261,P007,2024-07-13,,Active
S00884,C01262,P002,2025-05-11,2025-07-20,Cancelled
S00885,C01263,P001,2025-05-23,,Active
S00886,C01265,P001,2024-10-24,,Active
S00887,C01266,P001,2025-01-11,2025-07-04,Cancelled
S00888,C01267,P007,2024-07-07,,Active
S00889,C01268,P001,2025-08-12,,Active
S00890,C01269,P003,2024-02-12,,Active
S00891,C01270,P003,2024-02-19,,Active
S00892,C01273,P003,2023-12-12,,Active
S00893,C01274,P002,2024-02-02,,Active
S00894,C01275,P003,2024-07-19,2025-02-14,Cancelled
S00895,C01276,P002,2024-12-12,2025-06-13,Cancelled
S00896,C01277,P001,2025-05-12,,Active
S00897,C01278,P003,2024-01-18,,Active
S00898,C01279,P002,2025-08-02,,Active
S00899,C01281,P001,2024-09-16,2024-12-04,Cancelled
S00900,C01282,P002,2024-01-11,2024-03-08,Cancelled
S00901,C01284,P002,2024-01-24,2025-03-25,Cancelled
S00902,C01285,P001,2025-02-12,,Active
S00903,C01286,P001,2025-07-15,,Active
S00904,C01287,P002,2024-07-02,,Active
S00905,C01288,P003,2025-07-19,,Active
S00906,C01290,P003,2025-07-08,,Active
S00907,C01291,P001,2025-08-01,,Active
S00908,C01292,P008,2025-01-19,2025-05-22,Cancelled
S00909,C01294,P002,2024-06-10,,Active
S00910,C01297,P002,2024-06-16,2024-09-28,Cancelled
S00911,C01298,P008,2025-06-21,2025-07-27,Cancelled
S00912,C01299,P008,2024-06-27,,Active
S00913,C01300,P008,2024-05-25,,Active
S00914,C01301,P007,2025-07-15,,Active
S00915,C01302,P001,2025-02-11,,Active
S00916,C01303,P003,2024-05-04,,Active
S00917,C01304,P003,2024-01-03,2024-05-20,Cancelled
S00918,C01306,P001,2024-11-07,,Active
S00919,C01307,P008,2025-02-12,,Active
S00920,C01308,P007,2024-05-22,,Active
S00921,C01309,P008,2025-02-08,,Active
S00922,C01311,P003,2024-05-18,2025-01-03,Cancelled
S00923,C01315,P003,2024-02-09,2024-02-26,Cancelled
S00924,C01316,P002,2023-10-02,2023-12-20,Cancelled
S00925,C01318,P007,2023-10-25,2024-02-19,Cancelled
S00926,C01320,P008,2024-11-20,,Active
S00927,C01321,P008,2023-12-23,,Active
S00928,C01322,P001,2024-03-26,,Active
S00929,C01323,P007,2025-03-01,,Active
S00930,C01325,P003,2024-03-02,,Active
S00931,C01326,P001,2024-09-19,2025-05-01,Cancelled
S00932,C01328,P003,2024-08-21,,Active
S00933,C01329,P008,2024-01-18,2025-04-24,Cancelled
S00934,C01330,P008,2024-07-08,,Active
S00935,C01331,P003,2023-11-28,,Active
S00936,C01332,P002,2025-01-12,,Active
S00937,C01334,P002,2024-01-04,,Active
S00938,C01337,P008,2025-05-09,,Active
S00939,C01338,P003,2024-07-16,,Active
S00940,C01340,P008,2024-02-26,2025-06-20,Cancelled
S00941,C01342,P003,2024-12-25,,Active
S00942,C01343,P001,2024-06-14,2025-09-02,Cancelled
S00943,C01345,P001,2024-12-30,,Active
S00944,C01346,P008,2023-11-29,2024-05-27,Cancelled
S00945,C01347,P001,2025-01-14,,Active
S00946,C01349,P007,2023-11-17,2024-02-06,Cancelled
S00947,C01353,P007,2024-06-07,2025-02-21,Cancelled
S00948,C01355,P007,2025-08-24,,Active
S00949,C01356,P001,2024-06-09,2025-05-29,Cancelled
S00950,C01359,P003,2023-12-21,,Active
S00951,C01361,P003,2024-07-27,,Active
S00952,C01363,P008,2025-08-20,,Active
S00953,C01366,P001,2023-12-11,2024-04-06,Cancelled
S00954,C01368,P008,2023-11-27,,Active
S00955,C01369,P002,2025-02-26,2025-08-13,Cancelled
S00956,C01374,P003,2024-07-03,2024-12-13,Cancelled
S00957,C01376,P002,2025-05-31,,Active
S00958,C01377,P001,2024-03-28,2025-08-07,Cancelled
S00959,C01378,P001,2025-05-16,2025-09-27,Cancelled
S00960,C01379,P001,2023-11-13,2025-09-04,Cancelled
S00961,C01381,P003,2024-08-14,,Active
S00962,C01384,P003,2024-06-28,,Active
S00963,C01385,P007,2024-05-27,,Active
S00964,C01387,P007,2025-07-20,,Active
S00965,C01388,P003,2024-12-15,,Active
S00966,C01389,P002,2025-04-13,,Active
S00967,C01390,P008,2024-07-14,2025-09-27,Cancelled
S00968,C01391,P001,2025-04-20,,Active
S00969,C01393,P003,2024-08-17,,Active
S00970,C01394,P003,2024-12-30,,Active
S00971,C01396,P001,2025-01-20,,Active
S00972,C01398,P008,2025-03-02,,Active
S00973,C01399,P002,2025-05-30,,Active
S00974,C01400,P002,2025-01-10,,Active
S00975,C01401,P002,2024-01-12,,Active
S00976,C01403,P003,2024-02-24,,Active
S00977,C01404,P003,2024-01-07,2024-04-27,Cancelled
S00978,C01405,P008,2024-04-27,,Active
S00979,C01410,P008,2025-06-30,,Active
S00980,C01411,P001,2025-02-19,,Active
S00981,C01414,P008,2024-02-09,2024-12-07,Cancelled
S00982,C01415,P008,2025-07-03,,Active
S00983,C01416,P008,2025-05-01,,Active
S00984,C01417,P008,2024-05-31,,Active
S00985,C01418,P008,2025-04-17,,Active
S00986,C01421,P002,2025-06-15,,Active
S00987,C01422,P001,2024-03-14,2025-08-20,Cancelled
S00988,C01423,P001,2025-04-19,,Active
S00989,C01424,P008,2024-08-13,2025-05-04,Cancelled
S00990,C01426,P003,2025-01-14,,Active
S00991,C01428,P007,2024-03-19,,Active
S00992,C01429,P008,2024-01-23,2024-07-29,Cancelled
S00993,C01430,P002,2024-09-22,2024-11-10,Cancelled
S00994,C01431,P003,2025-07-15,,Active
S00995,C01432,P002,2025-02-28,,Active
S00996,C01434,P007,2025-06-24,,Active
S00997,C01437,P007,2024-08-02,,Active
S00998,C01438,P001,2024-01-27,2024-11-16,Cancelled
S00999,C01441,P003,2024-11-05,,Active
S01000,C01444,P008,2024-11-28,2025-08-17,Cancelled
S01001,C01445,P003,2024-11-18,,Active
S01002,C01449,P002,2025-05-30,,Active
S01003,C01450,P003,2025-07-08,2025-09-04,Cancelled
S01004,C01451,P001,2025-05-06,2025-05-16,Cancelled
S01005,C01452,P002,2025-07-20,,Active
S01006,C01453,P001,2024-01-15,,Active
S01007,C01455,P001,2024-06-08,2024-11-26,Cancelled
S01008,C01456,P003,2024-03-21,,Active
S01009,C01457,P008,2024-10-06,,Active
S01010,C01458,P002,2023-11-25,2025-05-05,Cancelled
S01011,C01459,P003,2024-03-17,2024-12-19,Cancelled
S01012,C01460,P008,2024-04-20,,Active
S01013,C01462,P002,2024-03-30,2024-08-06,Cancelled
S01014,C01463,P002,2025-02-10,,Active
S01015,C01464,P002,2025-01-19,,Active
S01016,C01465,P008,2025-07-08,,Active
S01017,C01466,P007,2025-09-19,,Active
S01018,C01471,P001,2024-06-16,2025-06-28,Cancelled
S01019,C01472,P003,2025-07-18,,Active
S01020,C01473,P002,2025-09-20,2025-10-12,Cancelled
S01021,C01474,P003,2023-10-09,2024-11-16,Cancelled
S01022,C01476,P001,2025-04-26,,Active
S01023,C01477,P003,2024-01-22,,Active
S01024,C01478,P007,2023-11-01,,Active
S01025,C01479,P008,2024-04-07,,Active
S01026,C01483,P008,2024-02-11,,Active
S01027,C01484,P003,2025-03-09,,Active
S01028,C01485,P003,2024-03-23,2024-05-28,Cancelled
S01029,C01486,P003,2024-02-13,2025-08-27,Cancelled
S01030,C01487,P003,2025-08-28,,Active
S01031,C01488,P007,2024-02-25,2024-07-09,Cancelled
S01032,C01489,P002,2025-03-17,,Active
S01033,C01490,P007,2025-05-05,,Active
S01034,C01492,P001,2024-07-22,,Active
S01035,C01494,P003,2024-04-19,,Active
S01036,C01495,P008,2024-05-19,,Active
S01037,C01497,P003,2025-07-29,,Active
S01038,C01498,P007,2025-09-03,,Active
S01039,C01500,P001,2025-01-14,2025-05-22,Cancelled
S01040,C01501,P007,2024-03-01,2025-09-22,Cancelled
S01041,C01502,P008,2024-11-30,,Active
S01042,C01504,P001,2025-02-25,,Active
S01043,C01506,P008,2024-11-09,2025-03-12,Cancelled
S01044,C01508,P002,2024-10-03,,Active
S01045,C01511,P001,2025-02-05,,Active
S01046,C01512,P007,2025-06-08,,Active
S01047,C01514,P002,2024-10-19,,Active
S01048,C01515,P007,2025-09-06,,Active
S01049,C01516,P003,2024-09-08,,Active
S01050,C01518,P002,2025-04-11,,Active
S01051,C01520,P003,2024-09-30,,Active
S01052,C01521,P002,2024-02-09,,Active
S01053,C01523,P001,2025-08-27,,Active
S01054,C01524,P008,2024-03-11,,Active
S01055,C01525,P007,2025-09-09,,Active
S01056,C01526,P001,2023-12-15,2024-08-24,Cancelled
S01057,C01527,P008,2024-09-06,,Active
S01058,C01528,P008,2024-07-26,,Active
S01059,C01529,P007,2025-09-14,,Active
S01060,C01531,P008,2024-01-15,,Active
S01061,C01533,P003,2025-01-14,2025-10-01,Cancelled
S01062,C01534,P008,2025-01-22,,Active
S01063,C01536,P008,2024-05-01,,Active
S01064,C01538,P007,2024-04-09,2025-01-28,Cancelled
S01065,C01541,P007,2023-10-22,,Active
S01066,C01545,P001,2025-05-09,,Active
S01067,C01546,P007,2023-11-09,,Active
S01068,C01547,P003,2025-08-20,,Active
S01069,C01548,P007,2024-09-28,,Active
S01070,C01549,P003,2024-12-05,,Active
S01071,C01550,P001,2025-07-18,,Active
S01072,C01552,P008,2024-12-29,,Active
S01073,C01553,P008,2025-09-15,,Active
S01074,C01555,P007,2025-07-17,,Active
S01075,C01557,P002,2024-09-19,2025-08-07,Cancelled
S01076,C01560,P008,2024-10-25,2025-03-15,Cancelled
S01077,C01561,P003,2024-08-31,,Active
S01078,C01562,P007,2024-07-21,,Active
S01079,C01563,P003,2025-07-14,2025-07-24,Cancelled
S01080,C01564,P008,2025-02-08,,Active
S01081,C01566,P002,2024-02-04,2024-08-24,Cancelled
S01082,C01567,P003,2024-10-28,,Active
S01083,C01568,P003,2025-02-12,,Active
S01084,C01569,P003,2024-11-04,,Active
S01085,C01573,P007,2024-09-19,,Active
S01086,C01574,P003,2023-11-14,,Active
S01087,C01576,P007,2024-11-13,2025-06-30,Cancelled
S01088,C01577,P001,2024-03-15,2025-04-07,Cancelled
S01089,C01578,P008,2025-07-21,,Active
S01090,C01579,P007,2025-08-05,,Active
S01091,C01580,P007,2024-03-05,2025-06-12,Cancelled
S01092,C01581,P008,2024-05-26,,Active
S01093,C01582,P007,2024-01-15,2024-12-30,Cancelled
S01094,C01583,P007,2025-03-19,,Active
S01095,C01589,P002,2025-07-23,,Active
S01096,C01590,P007,2024-08-19,,Active
S01097,C01591,P007,2024-06-28,,Active
S01098,C01592,P001,2025-03-04,,Active
S01099,C01593,P003,2025-07-20,,Active
S01100,C01594,P001,2025-08-26,,Active
S01101,C01595,P007,2024-09-05,2025-06-27,Cancelled
S01102,C01597,P002,2025-08-03,,Active
S01103,C01598,P003,2024-06-19,,Active
S01104,C01599,P001,2024-04-01,,Active
S01105,C01600,P008,2025-02-18,2025-07-03,Cancelled
S01106,C01601,P002,2024-08-07,,Active
S01107,C01602,P001,2024-08-03,,Active
S01108,C01604,P007,2025-02-12,2025-03-20,Cancelled
S01109,C01606,P002,2024-10-11,,Active
S01110,C01607,P007,2024-04-03,2025-07-19,Cancelled
S01111,C01609,P008,2025-07-04,,Active
S01112,C01610,P008,2024-01-03,2025-06-06,Cancelled
S01113,C01617,P003,2023-11-06,2024-04-24,Cancelled
S01114,C01619,P001,2024-01-24,,Active
S01115,C01620,P008,2024-08-21,,Active
S01116,C01622,P002,2024-03-19,,Active
S01117,C01623,P002,2024-10-10,,Active
S01118,C01624,P002,2024-05-08,,Active
S01119,C01625,P002,2024-07-29,2024-11-16,Cancelled
S01120,C01626,P002,2024-09-08,2024-11-18,Cancelled
S01121,C01627,P002,2024-06-05,2025-03-08,Cancelled
S01122,C01628,P002,2024-05-31,,Active
S01123,C01630,P002,2025-01-05,2025-03-15,Cancelled
S01124,C01631,P007,2025-09-04,,Active
S01125,C01632,P008,2024-10-11,,Active
S01126,C01634,P002,2025-08-21,,Active
S01127,C01635,P001,2023-12-22,,Active
S01128,C01640,P007,2025-08-11,,Active
S01129,C01642,P007,2024-11-05,2025-01-15,Cancelled
S01130,C01643,P001,2024-10-13,2025-07-14,Cancelled
S01131,C01644,P003,2024-09-06,,Active
S01132,C01645,P003,2025-08-03,,Active
S01133,C01646,P008,2025-06-13,,Active
S01134,C01648,P001,2024-05-09,,Active
S01135,C01651,P001,2024-10-07,,Active
S01136,C01652,P007,2024-05-07,,Active
S01137,C01653,P007,2025-06-03,,Active
S01138,C01656,P008,2024-10-19,,Active
S01139,C01657,P002,2025-09-15,,Active
S01140,C01658,P001,2024-06-09,2024-10-23,Cancelled
S01141,C01660,P003,2023-12-30,,Active
S01142,C01661,P007,2024-05-29,,Active
S01143,C01663,P001,2024-08-17,,Active
S01144,C01664,P007,2024-08-06,2024-09-18,Cancelled
S01145,C01665,P003,2024-05-05,,Active
S01146,C01666,P003,2024-04-12,,Active
S01147,C01667,P003,2025-07-04,,Active
S01148,C01668,P001,2024-10-18,2025-05-04,Cancelled
S01149,C01671,P002,2024-08-27,,Active
S01150,C01673,P008,2024-06-28,,Active
S01151,C01674,P007,2024-12-26,2025-04-04,Cancelled
S01152,C01675,P001,2025-05-13,,Active
S01153,C01676,P003,2025-04-08,,Active
S01154,C01677,P008,2024-04-13,2024-06-24,Cancelled
S01155,C01680,P007,2025-06-17,,Active
S01156,C01681,P008,2025-05-07,,Active
S01157,C01682,P008,2025-07-16,,Active
S01158,C01683,P007,2024-06-01,,Active
S01159,C01684,P002,2024-10-12,,Active
S01160,C01685,P008,2025-01-23,,Active
S01161,C01689,P001,2025-05-11,,Active
S01162,C01690,P003,2025-02-06,,Active
S01163,C01692,P001,2025-01-03,,Active
S01164,C01694,P007,2024-10-30,2025-09-03,Cancelled
S01165,C01695,P007,2025-01-20,,Active
S01166,C01696,P001,2025-03-22,,Active
S01167,C01697,P003,2025-08-26,,Active
S01168,C01698,P003,2024-04-13,,Active
S01169,C01699,P002,2025-03-19,2025-06-26,Cancelled
S01170,C01700,P003,2024-12-13,,Active
S01171,C01701,P007,2023-12-24,,Active
S01172,C01702,P007,2025-07-05,,Active
S01173,C01703,P001,2024-10-02,,Active
S01174,C01704,P002,2024-04-28,2025-04-15,Cancelled
S01175,C01705,P008,2025-06-09,,Active
S01176,C01706,P008,2024-09-01,2024-10-03,Cancelled
S01177,C01708,P002,2024-06-07,2024-11-18,Cancelled
S01178,C01709,P002,2025-09-22,,Active
S01179,C01710,P001,2024-06-07,,Active
S01180,C01711,P001,2025-08-14,,Active
S01181,C01712,P002,2025-05-10,,Active
S01182,C01714,P008,2024-08-14,,Active
S01183,C01715,P007,2023-11-11,,Active
S01184,C01717,P001,2024-04-29,,Active
S01185,C01718,P007,2024-12-01,,Active
S01186,C01719,P008,2025-01-17,,Active
S01187,C01720,P008,2025-01-20,,Active
S01188,C01721,P002,2025-04-15,2025-04-26,Cancelled
S01189,C01722,P001,2024-11-29,2025-04-15,Cancelled
S01190,C01723,P001,2024-02-18,,Active
S01191,C01724,P001,2024-09-16,2025-09-29,Cancelled
S01192,C01725,P003,2025-07-12,,Active
S01193,C01727,P001,2023-11-06,2023-11-18,Cancelled
S01194,C01728,P008,2024-08-14,,Active
S01195,C01729,P001,2023-12-03,,Active
S01196,C01731,P001,2024-02-09,2025-01-19,Cancelled
S01197,C01732,P001,2025-08-31,,Active
S01198,C01735,P002,2023-12-10,2024-01-26,Cancelled
S01199,C01736,P007,2025-02-19,2025-03-29,Cancelled
S01200,C01737,P002,2024-04-16,,Active
S01201,C01738,P001,2025-05-04,2025-08-07,Cancelled
S01202,C01739,P001,2025-08-16,,Active
S01203,C01741,P007,2025-04-13,,Active
S01204,C01742,P007,2024-01-26,,Active
S01205,C01743,P003,2024-11-20,,Active
S01206,C01744,P001,2024-03-16,2025-08-29,Cancelled
S01207,C01745,P001,2024-06-25,,Active
S01208,C01747,P003,2025-03-19,,Active
S01209,C01750,P008,2024-08-05,2025-07-18,Cancelled
S01210,C01751,P003,2025-05-03,,Active
S01211,C01752,P001,2025-04-05,,Active
S01212,C01753,P002,2023-11-23,2024-03-01,Cancelled
S01213,C01754,P002,2024-06-15,,Active
S01214,C01755,P008,2024-07-02,,Active
S01215,C01756,P007,2024-01-14,,Active
S01216,C01758,P002,2025-05-25,,Active
S01217,C01759,P002,2024-03-16,2024-03-21,Cancelled
S01218,C01761,P002,2025-03-01,,Active
S01219,C01763,P008,2025-08-17,,Active
S01220,C01764,P003,2025-06-28,,Active
S01221,C01765,P002,2024-06-25,2024-06-26,Cancelled
S01222,C01766,P008,2024-10-15,,Active
S01223,C01768,P001,2024-07-09,,Active
S01224,C01769,P008,2025-04-30,,Active
S01225,C01770,P001,2024-10-09,,Active
S01226,C01771,P008,2023-10-30,2024-01-27,Cancelled
S01227,C01772,P007,2025-08-07,,Active
S01228,C01773,P003,2024-12-28,,Active
S01229,C01774,P008,2025-08-05,,Active
S01230,C01775,P001,2023-12-17,,Active
S01231,C01776,P003,2024-02-24,,Active
S01232,C01778,P001,2024-08-10,2025-06-24,Cancelled
S01233,C01779,P007,2024-08-07,,Active
S01234,C01783,P008,2025-01-07,2025-02-27,Cancelled
S01235,C01784,P002,2025-07-25,,Active
S01236,C01785,P003,2025-06-22,,Active
S01237,C01786,P001,2023-11-05,,Active
S01238,C01788,P003,2024-04-18,,Active
S01239,C01789,P007,2024-04-12,2025-07-02,Cancelled
S01240,C01790,P001,2024-05-11,,Active
S01241,C01792,P008,2024-11-17,2025-01-24,Cancelled
S01242,C01793,P008,2025-06-25,,Active
S01243,C01794,P007,2024-07-11,,Active
S01244,C01795,P003,2023-11-29,2024-04-17,Cancelled
S01245,C01796,P008,2023-10-16,2025-09-27,Cancelled
S01246,C01798,P003,2024-05-20,2025-09-11,Cancelled
S01247,C01801,P008,2024-08-17,2025-06-06,Cancelled
S01248,C01803,P002,2024-07-26,,Active
S01249,C01806,P007,2024-12-06,,Active
S01250,C01807,P001,2024-07-26,2025-08-03,Cancelled
S01251,C01808,P007,2023-11-28,2024-07-06,Cancelled
S01252,C01809,P008,2025-05-30,2025-06-08,Cancelled
S01253,C01810,P003,2024-09-10,2025-03-09,Cancelled
S01254,C01813,P008,2024-11-22,,Active
S01255,C01814,P008,2024-06-22,,Active
S01256,C01815,P003,2024-07-06,2024-11-23,Cancelled
S01257,C01816,P002,2025-03-03,,Active
S01258,C01817,P003,2024-09-04,,Active
S01259,C01818,P001,2025-07-03,,Active
S01260,C01820,P007,2024-06-02,2025-01-07,Cancelled
S01261,C01822,P002,2025-08-03,,Active
S01262,C01823,P002,2024-08-06,2025-03-02,Cancelled
S01263,C01825,P008,2024-08-20,2024-10-22,Cancelled
S01264,C01828,P007,2024-01-29,,Active
S01265,C01829,P003,2024-03-01,2025-01-22,Cancelled
S01266,C01830,P002,2025-04-27,2025-08-08,Cancelled
S01267,C01831,P007,2024-10-11,,Active
S01268,C01833,P008,2023-11-04,2025-07-27,Cancelled
S01269,C01834,P007,2024-07-18,,Active
S01270,C01835,P008,2024-03-17,,Active
S01271,C01836,P007,2024-07-24,,Active
S01272,C01838,P001,2024-03-03,2024-06-07,Cancelled
S01273,C01839,P007,2023-11-09,,Active
S01274,C01840,P008,2024-05-15,2024-11-30,Cancelled
S01275,C01841,P001,2025-05-22,2025-05-25,Cancelled
S01276,C01843,P008,2024-05-05,,Active
S01277,C01844,P007,2024-05-04,,Active
S01278,C01845,P002,2024-07-22,2024-08-27,Cancelled
S01279,C01846,P008,2025-07-15,,Active
S01280,C01847,P008,2024-04-02,,Active
S01281,C01848,P008,2023-10-19,,Active
S01282,C01850,P008,2025-02-04,,Active
S01283,C01851,P007,2024-11-22,2025-08-05,Cancelled
S01284,C01853,P001,2024-11-24,,Active
S01285,C01856,P001,2024-08-28,2025-05-02,Cancelled
S01286,C01857,P003,2024-04-12,2024-07-22,Cancelled
S01287,C01858,P001,2024-12-08,,Active
S01288,C01859,P008,2025-01-29,,Active
S01289,C01860,P003,2024-12-23,2025-01-15,Cancelled
S01290,C01862,P002,2024-11-01,,Active
S01291,C01863,P007,2024-04-16,2024-09-25,Cancelled
S01292,C01864,P001,2024-09-20,,Active
S01293,C01866,P003,2024-11-17,,Active
S01294,C01867,P003,2025-06-04,,Active
S01295,C01868,P003,2024-05-21,2025-06-18,Cancelled
S01296,C01869,P008,2025-09-04,,Active
S01297,C01870,P002,2024-12-20,2025-07-18,Cancelled
S01298,C01871,P001,2024-01-04,2024-08-15,Cancelled
S01299,C01873,P008,2025-09-09,,Active
S01300,C01875,P007,2024-08-06,2025-04-03,Cancelled
S01301,C01876,P002,2024-02-25,,Active
S01302,C01878,P001,2024-10-01,,Active
S01303,C01882,P001,2024-05-27,2025-06-29,Cancelled
S01304,C01888,P001,2025-03-23,,Active
S01305,C01889,P008,2025-09-11,,Active
S01306,C01894,P001,2024-07-27,,Active
S01307,C01896,P001,2023-10-07,2024-05-11,Cancelled
S01308,C01897,P003,2024-03-22,,Active
S01309,C01899,P007,2025-09-01,,Active
S01310,C01900,P001,2024-05-06,,Active
S01311,C01902,P007,2025-01-06,,Active
S01312,C01906,P002,2025-08-15,,Active
S01313,C01907,P008,2025-05-06,,Active
S01314,C01912,P001,2025-02-11,,Active
S01315,C01913,P008,2024-09-23,,Active
S01316,C01915,P008,2023-10-04,,Active
S01317,C01918,P008,2024-03-27,,Active
S01318,C01920,P003,2025-02-26,,Active
S01319,C01922,P001,2023-12-13,2024-10-02,Cancelled
S01320,C01923,P002,2024-04-12,2025-04-08,Cancelled
S01321,C01924,P001,2024-07-29,2024-08-03,Cancelled
S01322,C01925,P002,2023-10-19,,Active
S01323,C01926,P001,2025-07-22,,Active
S01324,C01929,P008,2024-04-08,,Active
S01325,C01930,P003,2024-03-12,,Active
S01326,C01932,P008,2024-10-19,,Active
S01327,C01933,P003,2023-10-15,,Active
S01328,C01934,P003,2024-12-13,,Active
S01329,C01935,P008,2025-05-21,,Active
S01330,C01936,P002,2025-03-07,,Active
S01331,C01938,P007,2025-05-08,,Active
S01332,C01939,P007,2024-08-19,2025-09-23,Cancelled
S01333,C01940,P003,2025-05-10,,Active
S01334,C01942,P008,2023-12-02,2024-10-12,Cancelled
S01335,C01943,P008,2025-01-01,2025-03-10,Cancelled
S01336,C01946,P002,2024-12-09,,Active
S01337,C01947,P001,2024-06-18,,Active
S01338,C01948,P002,2024-01-30,,Active
S01339,C01949,P007,2024-05-25,,Active
S01340,C01951,P002,2025-03-29,,Active
S01341,C01952,P001,2023-10-28,2023-12-04,Cancelled
S01342,C01954,P001,2025-05-17,,Active
S01343,C01957,P001,2024-11-14,,Active
S01344,C01958,P001,2023-12-18,2024-08-14,Cancelled
S01345,C01959,P003,2025-04-18,2025-07-01,Cancelled
S01346,C01962,P002,2024-01-11,2024-04-03,Cancelled
S01347,C01963,P007,2025-02-06,2025-07-01,Cancelled
S01348,C01964,P007,2024-10-02,,Active
S01349,C01965,P003,2024-05-29,2025-06-08,Cancelled
S01350,C01966,P008,2024-06-14,,Active
S01351,C01968,P003,2025-08-22,,Active
S01352,C01969,P008,2024-09-08,2025-02-11,Cancelled
S01353,C01970,P003,2023-11-30,,Active
S01354,C01971,P002,2024-06-18,2025-06-08,Cancelled
S01355,C01972,P001,2024-12-26,2025-06-20,Cancelled
S01356,C01973,P003,2025-07-22,,Active
S01357,C01974,P002,2024-06-12,,Active
S01358,C01975,P001,2025-09-20,,Active
S01359,C01976,P007,2025-09-22,,Active
S01360,C01977,P001,2025-05-02,,Active
S01361,C01978,P003,2023-10-23,2024-10-24,Cancelled
S01362,C01979,P003,2025-02-25,,Active
S01363,C01982,P001,2024-02-19,,Active
S01364,C01983,P003,2023-12-11,,Active
S01365,C01984,P003,2025-01-11,,Active
S01366,C01985,P003,2024-07-17,,Active
S01367,C01986,P003,2024-07-03,,Active
S01368,C01987,P007,2025-05-14,2025-05-31,Cancelled
S01369,C01989,P001,2024-11-27,,Active
S01370,C01991,P003,2025-02-18,2025-04-05,Cancelled
S01371,C01992,P003,2024-10-28,,Active
S01372,C01993,P003,2024-11-03,,Active
S01373,C01994,P001,2024-05-10,,Active
S01374,C01995,P002,2025-06-15,2025-10-11,Cancelled
S01375,C01996,P007,2024-09-10,,Active
S01376,C01998,P008,2024-08-14,,Active
S01377,C01999,P001,2024-01-04,2025-08-01,Cancelled
S01378,C02000,P007,2025-04-26,,Active
